Município,IVAF,IPA,IPOPR,IPROPR,IFAREA,IFAMB,IFIGUAL
520 - Abatia,"0,0003333584182","0,0008898628089","0,001326514492","0,001860182968","0,001140465414",0,"0,002506265664"
111 - Adrianopolis,"0,0003624774843","0,001425990627","0,002817537671","0,001634015576","0,006716463237","0,009913961591","0,002506265664"
121 - Agudos do Sul,"0,0002100988872","0,00126502586","0,003556521137","0,003148811131","0,0009598020839",0,"0,002506265664"
102 - Almirante Tamandare,"0,002864942317","0,0007103622667","0,002814926422","0,003413549706","0,0009704587688","0,01047095453","0,002506265664"
428 - Altamira do Parana,"0,0002012721259","0,0008311196393","0,001417255395","0,00148499055","0,001943619232","0,0009835638679","0,002506265664"
853 - Alto Paraiso,"0,0004245002811","0,001898511666","0,0009361327663","0,0007679171912","0,005228830045","0,01504019659","0,002506265664"
722 - Alto Parana,"0,0007958610853","0,002384364678","0,001594167514","0,002047779176","0,002040179805","0,0001700285868","0,002506265664"
819 - Alto Piquiri,"0,0008892353897","0,001988004608","0,001177020487","0,0019110268","0,002243707478","0,0000390293127","0,002506265664"
836 - Altonia,"0,0008800337012","0,002323425099","0,003539548019","0,006332686974","0,003643835778","0,01145511924","0,002506265664"
613 - Alvorada do Sul,"0,0008772666642","0,001701839434","0,001922532076","0,001225511682","0,002138441444","0,0008833228433","0,002506265664"
731 - Amapora,"0,0003995988096","0,001103368828","0,0007265800341","0,0005943468671","0,001921255203","0,0002977045632","0,002506265664"
331 - Ampere,"0,001352367158","0,002660382503","0,002644542424","0,003061149351","0,001491685734","0,001024473316","0,002506265664"
448 - Anahy,"0,0002674285587","0,001383366602","0,0005000541834","0,0008433063218","0,0005257297903","0,00006874832063","0,002506265664"
516 - Andira,"0,002311525227","0,001314785674","0,0008218906226","0,001442912896","0,001169283492",0,"0,002506265664"
654 - Angulo,"0,0003892111369","0,001305176858","0,0003956042234","0,0005925936316","0,0005285315478",0,"0,002506265664"
116 - Antonina,"0,0007739708549","0,0002446755543","0,001846153043","0,001286874928","0,004382949424","0,01715654875","0,002506265664"
128 - Antonio Olinto,"0,0004431558976","0,002262055149","0,004350340833","0,004779320235","0,002334664535","0,0004601474378","0,002506265664"
636 - Apucarana,"0,006900964029","0,003493153304","0,004452832357","0,003914975087","0,002786948253","0,009036382869","0,002506265664"
628 - Arapongas,"0,01041239344","0,003727391254","0,001500815363","0,002538685143","0,001913950621","0,01654914457","0,002506265664"
206 - Arapoti,"0,003381274195","0,00675327531","0,002661515543","0,002803423718","0,00682638219","0,002954936097","0,002506265664"
661 - Arapua,"0,0002954710485","0,001327770433","0,001453812881","0,001635768811","0,001089133213",0,"0,002506265664"
802 - Araruna,"0,001724462013","0,003297625364","0,001921879264","0,003019071697","0,002471600435",0,"0,002506265664"
107 - Araucaria,"0,08730800067","0,003561005158","0,005821779645","0,005973273677","0,002351625174","0,005420020556","0,002506265664"
660 - Ariranha do Ivai,"0,0002003619109","0,001292171416","0,001011206175","0,001302654048","0,001203404896",0,"0,002506265664"
607 - Assai,"0,001098301985","0,001804515414","0,001806331495","0,002496607489","0,002210336544","0,001293813363","0,002506265664"
413 - Assis Chateaubriand,"0,00430611866","0,009700369578","0,002619082747","0,01000396231","0,004834582734","0,0002098938951","0,002506265664"
630 - Astorga,"0,001884958837","0,003928618752","0,001396365403","0,002621087216","0,002182218906","0,006776559001","0,002506265664"
715 - Atalaia,"0,0003127908308","0,0009176227755","0,0003694917334","0,001002850761","0,0006866307235",0,"0,002506265664"
133 - Balsa Nova,"0,002861447325","0,001152246004","0,002891958267","0,002934916388","0,001743543725","0,00434095304","0,002506265664"
518 - Bandeirantes,"0,001238298309","0,002089831703","0,00248068655","0,002915630797","0,002231749977",0,"0,002506265664"
807 - Barbosa Ferraz,"0,0004829566573","0,001552891671","0,002007397668","0,00305764288","0,002675028045","0,009601307946","0,002506265664"
514 - Barra do Jacare,"0,0003115956872","0,001418939975","0,0005718635309","0,001178174321","0,0005775623048","0,001258485725","0,002506265664"
326 - Barracão,"0,0008474675087","0,001294526265","0,001780219005","0,002177518611","0,0008250675649",0,"0,002506265664"
347 - Bela Vista do Caroba,"0,0001266052493","0,0009059274173","0,001895766774","0,001716417649","0,0007412149642",0,"0,002506265664"
612 - Bela Vista do Paraiso,"0,0008556440264","0,001315796855","0,0005764332167","0,001178174321","0,001228720777",0,"0,002506265664"
306 - Bituruna,"0,001323193657","0,002677676494","0,003904470067","0,003525756784","0,006163266217","0,0000074900736","0,002506265664"
814 - Boa Esperanca,"0,0007720439619","0,001877270334","0,001258622018","0,001700638528","0,001558227476",0,"0,002506265664"
339 - Boa Esperanca do Iguacu,"0,0003478152812","0,001136269908","0,001182242985","0,0009765522271","0,000755373846",0,"0,002506265664"
468 - Boa Ventura de Sao Roque,"0,0008127445362","0,001771028553","0,003270589372","0,003154070838","0,003104947734","0,00444582875","0,002506265664"
431 - Boa Vista da Aparecida,"0,0005648551052","0,001375446284","0,001965617684","0,002813943132","0,001326782291",0,"0,002506265664"
112 - Bocaiuva do Sul,"0,0003320656264","0,001189405742","0,003824826972","0,003545042376","0,004063248876","0,001798792213","0,002506265664"
348 - Bom Jesus do Sul,"0,00009466773448","0,00113818911","0,001869001471","0,001849663554","0,0008852553207","0,0006763184202","0,002506265664"
644 - Bom Sucesso,"0,0003921036416","0,001640590107","0,0008042646919","0,0009555134","0,001608458986","0,002274810443","0,002506265664"
340 - Bom Sucesso do Sul,"0,0007039171447","0,001926018625","0,001117614572","0,001376289943","0,0009834168974","0,0001523724978","0,002506265664"
641 - Borrazopolis,"0,0005322931506","0,001340377491","0,001350668545","0,002289725689","0,001693562372",0,"0,002506265664"
432 - Braganey,"0,0005946125034","0,002362688361","0,001513218795","0,001944338276","0,001713124643",0,"0,002506265664"
847 - Brasilandia do Sul,"0,0007267222122","0,001509542064","0,0006717438051","0,000482139789","0,001458064644",0,"0,002506265664"
621 - Cafeara,"0,0002157655214","0,0008075140499","0,000326406125","0,0004540880194","0,0009250803029",0,"0,002506265664"
433 - Cafelandia,"0,003368936147","0,006074664097","0,001510607546","0,001704145","0,001360053161",0,"0,002506265664"
848 - Cafezal do Sul,"0,0002493090209","0,00109499643","0,0006299638212","0,001050188122","0,001658240214","0,0009318447502","0,002506265664"
637 - California,"0,0004334784584","0,001372434828","0,001332389802","0,00142538054","0,0007083443444",0,"0,002506265664"
515 - Cambara,"0,00188560959","0,002523202356","0,0009929274321","0,002480828369","0,001858565878",0,"0,002506265664"
611 - Cambe,"0,008607321831","0,003377984197","0,002468283117","0,002121415072","0,002482807465","0,02525629401","0,002506265664"
642 - Cambira,"0,000658680122","0,001235979781","0,001149602372","0,001467458194","0,0008172126375","0,002686690537","0,002506265664"
811 - Campina da Lagoa,"0,001308910271","0,003653886189","0,001852028353","0,003280303801","0,003997957919","0,0003160069171","0,002506265664"
469 - Campina do Simao,"0,0002408516028","0,00114571791","0,001754759328","0,001171161378","0,002252663096","0,008754816289","0,002506265664"
113 - Campina Grande do Sul,"0,001680984982","0,0003042674862","0,004444345797","0,002414205416","0,002719105695","0,013528483","0,002506265664"
441 - Campo Bonito,"0,0004411238155","0,002814933135","0,001192687981","0,001094019012","0,002140792919","0,001679072489","0,002506265664"
125 - Campo do Tenente,"0,0004460673117","0,001591492724","0,001913392704","0,001127330488","0,001524106072",0,"0,002506265664"
108 - Campo Largo,"0,008089964743","0,002456527954","0,01188509982","0,00889416418","0,006205442674","0,0185099093","0,002506265664"
140 - Campo Magro,"0,0004926892673","0,0007420810503","0,003457293675","0,00154460056","0,001373711729","0,03717047999","0,002506265664"
801 - Campo Mourao,"0,006335769778","0,004363183602","0,002949405745","0,003746664469","0,003778970548","0,001797352981","0,002506265664"
211 - Candido de Abreu,"0,0008043687793","0,002843082421","0,00777042421","0,005550743898","0,007592562815","0,0003857604659","0,002506265664"
449 - Candoi,"0,001908360608","0,004717675591","0,005194427072","0,002743813708","0,007552937958","0,00004409183055","0,002506265664"
429 - Cantagalo,"0,0004823779528","0,001828462232","0,002900444826","0,003085694649","0,002917480135",0,"0,002506265664"
335 - Capanema,"0,001661446948","0,004053475533","0,004815143155","0,005070357344","0,002089911001","0,002541415346","0,002506265664"
411 - Capitao Leonidas Marques,"0,002342705159","0,002688820667","0,00227178663","0,003061149351","0,001391222714","0,0004581722156","0,002506265664"
223 - Carambei,"0,0042651085","0,006772033979","0,003424000251","0,001364017294","0,00324573605","0,02118825628","0,002506265664"
503 - Carlopolis,"0,0007539907272","0,002747245725","0,002841691724","0,002358101877","0,002238404151","0,0005405341427","0,002506265664"
410 - Cascavel,"0,02276099307","0,02006741299","0,01054683471","0,007996507555","0,01044134986","0,0003350879457","0,002506265664"
202 - Castro,"0,007778797438","0,0167818316","0,01163180867","0,007754561042","0,01263862821","0,02368127953","0,002506265664"
408 - Catanduvas,"0,0007310778209","0,003908631791","0,003172667534","0,002945435802","0,002938093066",0,"0,002506265664"
618 - Centenario do Sul,"0,0005874274208","0,001746728787","0,001211619536","0,000929214866","0,001852912332","0,0000954840267","0,002506265664"
110 - Cerro Azul,"0,0004624202652","0,003517954183","0,007918612591","0,004186726604","0,006753986776","0,0001148364719","0,002506265664"
423 - Ceu Azul,"0,001467669878","0,004313563061","0,001726688401","0,001996935344","0,005883790902","0,01610692224","0,002506265664"
312 - Chopinzinho,"0,001621674768","0,00485985732","0,004681316644","0,006034636922","0,004796258693","0,00856675123","0,002506265664"
833 - Cianorte,"0,007179411048","0,006581094142","0,00501098683","0,005897884546","0,004056244482","0,00557563627","0,002506265664"
825 - Cidade Gaucha,"0,001325434789","0,001191706403","0,001231203903","0,0009081760389","0,002017515588",0,"0,002506265664"
311 - Clevelandia,"0,001224981778","0,002668905011","0,001620280004","0,002270440097","0,003512103142","0,00997495329","0,002506265664"
103 - Colombo,"0,009279970464","0,003420815711","0,006374058808","0,004093805117","0,0009864187805","0,004383439663","0,002506265664"
623 - Colorado,"0,002332359886","0,00211276305","0,0008747684149","0,001756742067","0,002020017157",0,"0,002506265664"
530 - Congonhinhas,"0,0004851017972","0,001352702525","0,002248938201","0,002598295154","0,00268063156","0,004373134485","0,002506265664"
523 - Conselheiro Mairinck,"0,0002222810348","0,001268929049","0,0007318025321","0,0004593477262","0,001023141817",0,"0,002506265664"
124 - Contenda,"0,0007514199349","0,001865161025","0,004347729584","0,003583613559","0,001479928359","0,00008962134126","0,002506265664"
409 - Corbelia,"0,001895224658","0,005873374273","0,001524969416","0,002841994902","0,002643658367","0,00000284082414","0,002506265664"
534 - Cornelio Procopio,"0,002570774575","0,002397757955","0,001710368095","0,001989922402","0,00318034503","0,006420195852","0,002506265664"
349 - Coronel Domingos Soares,"0,0006074638353","0,002133930078","0,003580675191","0,001753235596","0,007803094881",0,"0,002506265664"
313 - Coronel Vivida,"0,001625986136","0,003149844066","0,004115328423","0,005435030349","0,00341229053","0,0008091090504","0,002506265664"
845 - Corumbatai do Sul,"0,0001732849144","0,0006011648674","0,001224022969","0,001600704099","0,000839126384","0,002585803354","0,002506265664"
305 - Cruz Machado,"0,001351411442","0,004381421514","0,00782264919","0,007691444561","0,00738968555","0,001587536509","0,002506265664"
341 - Cruzeiro do Iguacu,"0,0007364078485","0,002231366651","0,001080404274","0,0007959689607","0,000801152563",0,"0,002506265664"
826 - Cruzeiro do Oeste,"0,001594777725","0,002525633588","0,001794580875","0,002933163153","0,003879583663","0,0005001669065","0,002506265664"
717 - Cruzeiro do Sul,"0,0003340024104","0,001497694594","0,0007566093976","0,00110278519","0,001294562079","0,0001178978775","0,002506265664"
662 - Cruzmaltina,"0,0004409941579","0,001048188513","0,001083015523","0,001197459912","0,001531860936",0,"0,002506265664"
101 - Curitiba,"0,1541793098","0,0001310690143",0,"0,001115057839","0,002174113822","0,009423594674","0,002506265664"
528 - Curiuva,"0,0003943165352","0,003433234806","0,002839733287","0,002508880138","0,002876554463","0,0007843018275","0,002506265664"
443 - Diamante D'oeste,"0,0002501142796","0,001421526983","0,001609835008","0,001300900812","0,001541116743","0,004291787296","0,002506265664"
735 - Diamante do Norte,"0,0007100974278","0,0006985673771","0,0006299638212","0,0009520069288","0,001211459949","0,009215290334","0,002506265664"
450 - Diamante do Sul,"0,0001184883093","0,0008056441826","0,001374169786","0,0008275272015","0,001736889551",0,"0,002506265664"
323 - Dois Vizinhos,"0,004706884386","0,01046016826","0,005277334228","0,00564541862","0,002098466368","0,0001072367765","0,002506265664"
842 - Douradina,"0,0008129701123","0,00136583181","0,00144206226","0,001374536707","0,002107071766",0,"0,002506265664"
707 - Doutor Camargo,"0,0003879228462","0,0009096446993","0,0004693720077","0,001642781754","0,0005901201824",0,"0,002506265664"
139 - Doutor Ulysses,"0,00007233218904","0,001429352714","0,003132193175","0,001030902531","0,003906350454",0,"0,002506265664"
328 - Eneas Marques,"0,0007283221732","0,003417766571","0,002596234318","0,002600048389","0,0009722098673",0,"0,002506265664"
804 - Engenheiro Beltrao,"0,001041310523","0,00260123206","0,001062778343","0,002817449603","0,002352475708","0,0003601257498","0,002506265664"
451 - Entre Rios do Oeste,"0,0007774054556","0,002943482066","0,0008382109289","0,001009863703","0,0006009769929",0,"0,002506265664"
854 - Esperanca Nova,"0,0001743356755","0,0008268663815","0,0007951253204","0,001160641965","0,0007161492404",0,"0,002506265664"
470 - Espigao Alto do Iguacu,"0,0003108946861","0,001334063049","0,001978673929","0,001732196769","0,001631373361","0,005240599238","0,002506265664"
849 - Farol,"0,0005121088733","0,001790682388","0,0009491890113","0,0009730457559","0,001448758806",0,"0,002506265664"
640 - Faxinal,"0,001203451372","0,002076242224","0,002333803793","0,002054792119","0,003580145825","0,0001083583744","0,002506265664"
135 - Fazenda Rio Grande,"0,00351388614","0,0004887519737","0,003751712","0,0005522692128","0,000584216479","0,0006674647309","0,002506265664"
806 - Fenix,"0,0004080844104","0,001105923371","0,0005268194857","0,001109798132","0,0011699339","0,008811361061","0,002506265664"
224 - Fernandes Pinheiro,"0,0004972790375","0,002759362291","0,002505493415","0,002175765375","0,002024770138","0,0139638753","0,002506265664"
539 - Figueira,"0,0003008312643","0,0004700900067","0,0007846803244","0,0005768145112","0,000648857028",0,"0,002506265664"
342 - Flor da Serra do Sul,"0,0003159575235","0,001622446894","0,002011967354","0,002547451321","0,001247782734","0,009490881628","0,002506265664"
713 - Florai,"0,0005660629137","0,001571792982","0,0003773254804","0,001132590195","0,0009495956814",0,"0,002506265664"
705 - Floresta,"0,0004613583998","0,001076257424","0,0003009464472","0,001081746363","0,0008087073021",0,"0,002506265664"
615 - Florestopolis,"0,0008041277704","0,001243707929","0,0004426067054","0,000390971538","0,001234924668","0,001257228371","0,002506265664"
634 - Florida,"0,0002113800993","0,0004293939137","0,0001442715072","0,0003629197684","0,0004193130351",0,"0,002506265664"
412 - Formosa do Oeste,"0,001063064403","0,003782686209","0,001678380294","0,00352751002","0,001378464711",0,"0,002506265664"
422 - Foz do Iguacu,"0,02839300082","0,001335609954","0,001387878843","0,002119661836","0,003043259036","0,009570850327","0,002506265664"
471 - Foz do Jordao,"0,0006091972786","0,0008019587377","0,0009746486891","0,0004611009618","0,001154524233",0,"0,002506265664"
841 - Francisco Alves,"0,0006422970985","0,002126734678","0,001425741954","0,002487841311","0,001600554028","0,001510841966","0,002506265664"
321 - Francisco Beltrao,"0,006711211398","0,009582198442","0,007503424","0,007880794005","0,003666950278","0,0001286289037","0,002506265664"
308 - General Carneiro,"0,0003159851729","0,003685193318","0,002676530225","0,001770767952","0,005364415098","0,003665448208","0,002506265664"
653 - Godoy Moreira,"0,00008455869433","0,0005111196774","0,001168533927","0,001486743786","0,0006519589739",0,"0,002506265664"
816 - Goioere,"0,001820959627","0,003726554401","0,002465019056","0,002377387469","0,002824771979","0,001875482694","0,002506265664"
472 - Goioxim,"0,000425117862","0,001825656881","0,003751712","0,002037259763","0,003516255747","0,00026913901","0,002506265664"
220 - Grandes Rios,"0,0002224965965","0,0009795066265","0,002000869546","0,001709404706","0,001543868469",0,"0,002506265664"
416 - Guaira,"0,001615619731","0,002591705737","0,001630725","0,003140044953","0,002845284847","0,004309401659","0,002506265664"
733 - Guairaca,"0,0004874887042","0,001912689945","0,0008081815654","0,0009712925204","0,002480405959",0,"0,002506265664"
225 - Guamiranga,"0,000394470037","0,001716003098","0,003697528583","0,00246855572","0,0012187145","0,0009785869909","0,002506265664"
512 - Guapirama,"0,0003909306245","0,002128560322","0,0006469369396","0,0006890215893","0,0009425412561",0,"0,002506265664"
827 - Guaporema,"0,0002993517306","0,000924251541","0,0006123378904","0,0006785021758","0,001003579545","0,000609234688","0,002506265664"
619 - Guaraci,"0,0007523749243","0,002288270538","0,0006704381806","0,0007924624895","0,001061065606",0,"0,002506265664"
407 - Guaraniacu,"0,001117740914","0,004404721142","0,00442476143","0,004709190812","0,006189482662","0,00000894531627","0,002506265664"
401 - Guarapuava,"0,01345494208","0,01073343494","0,009358063602","0,008301570548","0,01582712836","0,001755607882","0,002506265664"
115 - Guaraquecaba,"0,00006624749467","0,0004452528175","0,003386789952","0,001279861985","0,01153133361","0,01482305948","0,002506265664"
119 - Guaratuba,"0,0006689548205","0,001512976742","0,002147752302","0,00161648322","0,006625456149","0,006505111989","0,002506265664"
343 - Honorio Serpa,"0,0006278719863","0,001937446176","0,002589706195","0,001630509105","0,002516678713",0,"0,002506265664"
526 - Ibaiti,"0,001157051951","0,00453509211","0,003678597028","0,00396932539","0,004496670762","0,0006551076224","0,002506265664"
445 - Ibema,"0,000373060749","0,001174043324","0,0007344137811","0,0005785677468","0,0007517715863",0,"0,002506265664"
605 - Ibipora,"0,007910547137","0,001844315002","0,001503426612","0,002079337417","0,001489084102","0,0001500561988","0,002506265664"
823 - Icaraima,"0,0005721969828","0,001768263917","0,001696659037","0,002752579886","0,003474629635","0,003254812653","0,002506265664"
632 - Iguaracu,"0,0005000396465","0,001764482684","0,0002761395817","0,0006574633486","0,0008194140184",0,"0,002506265664"
452 - Iguatu,"0,0001433408654","0,0008909460662","0,0005196385509","0,0005873339248","0,0005367366949","0,00006146639058","0,002506265664"
226 - Imbau,"0,0003289365838","0,0004742495603","0,002750950821","0,001346484938","0,001659340905","0,00001311642269","0,002506265664"
215 - Imbituva,"0,001851266781","0,004246669382","0,006898267045","0,008824034756","0,00380178486","0,00000316416401","0,002506265664"
402 - Inacio Martins,"0,000258261022","0,002870181731","0,003038841023","0,002165245961","0,004695745641","0,01096244331","0,002506265664"
719 - Inaja,"0,0001200687118","0,0004892054494","0,0001481883807","0,000399737716","0,0009698583922",0,"0,002506265664"
838 - Indianopolis,"0,001208608637","0,0009580755073","0,0007520397119","0,001276355514","0,0006196887307",0,"0,002506265664"
213 - Ipiranga,"0,001275677141","0,003622620671","0,006045694246","0,004458478121","0,004636158262","0,00002213708624","0,002506265664"
820 - Ipora,"0,001153437902","0,002551367836","0,002091610449","0,004239323672","0,003274654191","0,001251115958","0,002506265664"
453 - Iracema do Oeste,"0,0002721594992","0,0009084935953","0,0003760198559","0,0007486315996","0,0004097070092",0,"0,002506265664"
217 - Irati,"0,002947830904","0,004931741471","0,007360458118","0,009898768177","0,005003488688","0,003452659937","0,002506265664"
808 - Iretama,"0,0005056140264","0,001699919064","0,002895222328","0,002896345205","0,002856792066",0,"0,002506265664"
626 - Itaguaje,"0,0003352857804","0,0008428316276","0,0006084210169","0,0007714236624","0,0009368877097","0,0001244484041","0,002506265664"
454 - Itaipulandia,"0,001315964145","0,002759155129","0,002797300491","0,001262329629","0,001645131991",0,"0,002506265664"
517 - Itambaraca,"0,0004236482191","0,001049323463","0,001096071768","0,001314926697","0,001037650918",0,"0,002506265664"
704 - Itambe,"0,0005058645037","0,001345087245","0,0001991077362","0,001150122551","0,001221366163","0,0001784880418","0,002506265664"
315 - Itapejara D'oeste,"0,001760821115","0,003672428706","0,002313566614","0,00279465754","0,001269696481",0,"0,002506265664"
136 - Itaperucu,"0,0007167862984","0,0005220550303","0,002566204954","0,0005803209824","0,001615213223",0,"0,002506265664"
736 - Itauna do Sul,"0,0001028720726","0,0005054700017","0,0006750078664","0,0006574633486","0,0006362991505",0,"0,002506265664"
212 - Ivai,"0,0006521342693","0,002197080377","0,005343921078","0,004184973368","0,003005335247","0,00001015598003","0,002506265664"
650 - Ivaipora,"0,001323728532","0,001608954157","0,00285801203","0,005652431562","0,002155902398",0,"0,002506265664"
850 - Ivate,"0,0009303872403","0,0011646961","0,001489064742","0,001619989691","0,002058741449",0,"0,002506265664"
706 - Ivatuba,"0,0002698463633","0,0006825295115","0,0004674135709","0,0005785677468","0,0004749479348",0,"0,002506265664"
524 - Jaboti,"0,0001826058882","0,001322896751","0,001224022969","0,0009046695677","0,000695286153","0,0002428805841","0,002506265664"
501 - Jacarezinho,"0,002935475773","0,004894977016","0,00283777485","0,002044272705","0,00301268986","0,000976407098","0,002506265664"
617 - Jaguapita,"0,002292375657","0,003444631979","0,001204438601","0,00130966699","0,002389198744",0,"0,002506265664"
204 - Jaguariaiva,"0,00456324987","0,003273863646","0,002980087921","0,002827969017","0,007243093593","0,003470570148","0,002506265664"
643 - Jandaia do Sul,"0,001688581957","0,001559546562","0,00126515014","0,001888234737","0,0009456932334","0,0005919095629","0,002506265664"
815 - Janiopolis,"0,0005466301266","0,001616549211","0,001628113751","0,0021179086","0,001695363502",0,"0,002506265664"
525 - Japira,"0,0002406432547","0,001787336323","0,001416602582","0,001297394341","0,0009387388709","0,00148447626","0,002506265664"
831 - Japura,"0,0007550482576","0,00141830489","0,0006071153924","0,001961870632","0,0008275191027",0,"0,002506265664"
649 - Jardim Alegre,"0,0005556537275","0,001590955121","0,003363941524","0,002952448744","0,002079204285","0,000436823726","0,002506265664"
721 - Jardim Olinda,"0,0001300212229","0,0004436392715","0,000266347398","0,0001648041461","0,0006453047997","0,00074676258","0,002506265664"
606 - Jataizinho,"0,0005360003766","0,0007410250297","0,0005366116694","0,001357004352","0,0007977504288",0,"0,002506265664"
434 - Jesuitas,"0,0009878558824","0,003297317882","0,001913392704","0,003273290858","0,001247882797",0,"0,002506265664"
511 - Joaquim Tavora,"0,001509329581","0,002858765228","0,001642475621","0,001330705818","0,001446457363","0,00381500957","0,002506265664"
522 - Jundiai do Sul,"0,0001536342461","0,001368124141","0,0009511474481","0,0007258395369","0,001602405189",0,"0,002506265664"
844 - Juranda,"0,001037418279","0,002371807635","0,001176367674","0,00185141679","0,001724731924",0,"0,002506265664"
834 - Jussara,"0,001444299654","0,001742210264","0,0004478292034","0,001255316687","0,001039602142",0,"0,002506265664"
647 - Kalore,"0,0003154486669","0,0008907583956","0,0008408221779","0,001551613503","0,0009660059756",0,"0,002506265664"
127 - Lapa,"0,004512223494","0,007477463094","0,01156130495","0,01300900812","0,01049878589","0,0007580798267","0,002506265664"
455 - Laranjal,"0,0002059677018","0,001196318102","0,00282602423","0,00120622609","0,002794903243","0,000053345498","0,002506265664"
406 - Laranjeiras do Sul,"0,001304616586","0,002975508923","0,003751059188","0,004074519526","0,003376568121",0,"0,002506265664"
537 - Leopolis,"0,0004381281882","0,001534490045","0,001138504564","0,001237784331","0,001724131548",0,"0,002506265664"
656 - Lidianopolis,"0,0002266116757","0,0007702730119","0,001257969206","0,0009151889813","0,0007645295894",0,"0,002506265664"
444 - Lindoeste,"0,0003044871923","0,001689953806","0,001943422068","0,001795313251","0,001731836381","0,0010600616","0,002506265664"
738 - Loanda,"0,001130279104","0,001909979388","0,001257969206","0,001726937062","0,003612215943","0,0005754115982","0,002506265664"
635 - Lobato,"0,000520588592","0,001169033258","0,000193232426","0,0008275272015","0,001203605021","0,001844870681","0,002506265664"
601 - Londrina,"0,03370042486","0,009250011122","0,008604718266","0,007412680101","0,008281745139","0,009294321192","0,002506265664"
846 - Luiziana,"0,001347155821","0,00359275754","0,001670546547","0,00169187235","0,004544000451","0,00816766555","0,002506265664"
652 - Lunardelli,"0,0002069951649","0,0006071146936","0,001022303983","0,001446419367","0,0009856683097","0,001635183846","0,002506265664"
622 - Lupionopolis,"0,0003185968324","0,0005200779169","0,0003348926842","0,0004786333178","0,0006083816378","0,002759738151","0,002506265664"
304 - Mallet,"0,001491788911","0,002435355058","0,003527144586","0,005813729237","0,003764111227","0,002324050948","0,002506265664"
813 - Mambore,"0,002089666474","0,004982556432","0,003249046568","0,003236472911","0,003944724526",0,"0,002506265664"
710 - Mandaguacu,"0,001240595761","0,002507993094","0,001433575701","0,001584924979","0,001470672553",0,"0,002506265664"
702 - Mandaguari,"0,002881965943","0,00239922536","0,001125448319","0,002605308096","0,001678302799","0,008116506978","0,002506265664"
106 - Mandirituba,"0,001205425087","0,002310549186","0,009665538172","0,005570029489","0,001895539072","0,002084245059","0,002506265664"
350 - Manfrinopolis,"0,0002062193695","0,001332022323","0,001615710318","0,001697132057","0,001075174457",0,"0,002506265664"
310 - Mangueirinha,"0,004231562003","0,003808270735","0,005649437211","0,003509977664","0,005297523136","0,001021646153","0,002506265664"
651 - Manoel Ribas,"0,001278226176","0,002807057221","0,004154497158","0,003459133831","0,0028601942","0,001230111842","0,002506265664"
417 - Marechal Candido Rondon,"0,006370387629","0,01156010001","0,005008375581","0,0085996206","0,003739395723",0,"0,002506265664"
824 - Maria Helena,"0,0003173050801","0,001182949835","0,001280817634","0,001804079429","0,002440030631",0,"0,002506265664"
703 - Marialva,"0,003001575113","0,003920973804","0,004025893145","0,00432347898","0,002376891024","0,002931131999","0,002506265664"
639 - Marilandia do Sul,"0,0008951403283","0,00444403084","0,001664018425","0,00226518039","0,001915751751",0,"0,002506265664"
744 - Marilena,"0,0003546467791","0,001283539817","0,001223370156","0,001718170884","0,001160628062","0,002149760856","0,002506265664"
818 - Mariluz,"0,0006707733903","0,001924231141","0,001146991123","0,001072980185","0,002150098757",0,"0,002506265664"
701 - Maringa,"0,0304241456","0,002256303008","0,004193665893","0,003578353852","0,002434627242","0,002583035948","0,002506265664"
317 - Mariopolis,"0,0005375164258","0,001900688156","0,001174409238","0,001683106172","0,001158626807","0,009985136409","0,002506265664"
456 - Maripa,"0,001936782608","0,005129527034","0,001581111269","0,00301381199","0,001418790007",0,"0,002506265664"
320 - Marmeleiro,"0,00115961043","0,003430981688","0,00331367498","0,003452120889","0,001941417851","0,006319991644","0,002506265664"
473 - Marquinho,"0,0001758598985","0,001176711784","0,002909584198","0,001523561733","0,002517729372",0,"0,002506265664"
646 - Marumbi,"0,0002062633691","0,0007931646638","0,0009544115093","0,0007907092539","0,001043954873","0,000144605914","0,002506265664"
419 - Matelandia,"0,002947173304","0,004359893305","0,002914806696","0,002547451321","0,00319730567","0,01207620178","0,002506265664"
134 - Matinhos,"0,0005718795578","0,00008925246231","0,00009726902523","0,0002805176954","0,0005831157885","0,00268769401","0,002506265664"
457 - Mato Rico,"0,0001801814173","0,0008488420768","0,001867695847","0,0008590854422","0,001983043963","0,01272915376","0,002506265664"
657 - Maua da Serra,"0,000766634191","0,0008770173055","0,001006636489","0,0003401277057","0,0005368367577","0,003814770383","0,002506265664"
420 - Medianeira,"0,00450800878","0,004379848016","0,00288999983","0,003224200262","0,001643180767","0,0004468667003","0,002506265664"
458 - Mercedes,"0,0007616278323","0,00224313781","0,001701881535","0,002084597124","0,0009899209774",0,"0,002506265664"
729 - Mirador,"0,0003466235762","0,001205458227","0,0004883035629","0,0004400621347","0,001111697368",0,"0,002506265664"
614 - Miraselva,"0,000153576897","0,0006142435052","0,000282014892","0,0003524003549","0,0004501823994",0,"0,002506265664"
435 - Missal,"0,001197378324","0,003797462973","0,003299313111","0,003923741265","0,001619916173",0,"0,002506265664"
817 - Moreira Sales,"0,0009868917232","0,001929047774","0,001744967144","0,003972831861","0,001770160422",0,"0,002506265664"
117 - Morretes,"0,0003593083042","0,0005299521574","0,005575016614","0,0028665402","0,003444860961","0,002220326768","0,002506265664"
631 - Munhoz de Melo,"0,0004663639719","0,001820857555","0,0004556629504","0,000846812793","0,0006860303468",0,"0,002506265664"
620 - Nossa Senhora Das Gracas,"0,0002477624118","0,0009480226502","0,0004269392114","0,0006136324587","0,0009317845084",0,"0,002506265664"
728 - Nova Alianca do Ivai,"0,0001309171701","0,0005234099879","0,0002545967775","0,0004067506583","0,000659263556",0,"0,002506265664"
533 - Nova America da Colina,"0,0002542064614","0,0005378057289","0,0006227828864","0,0008310336726","0,0006465055529","0,003092916359","0,002506265664"
424 - Nova Aurora,"0,002169375687","0,007817844294","0,001844847418","0,004042961285","0,002367385061","0,0002255031787","0,002506265664"
810 - Nova Cantu,"0,0006483443695","0,002073160027","0,002167989482","0,002242388328","0,002768336578",0,"0,002506265664"
714 - Nova Esperanca,"0,001470211529","0,002735343793","0,001496245677","0,002605308096","0,002021317973",0,"0,002506265664"
344 - Nova Esperanca do Sudoeste,"0,0003124498377","0,001808361659","0,002189532286","0,002123168307","0,001036700322","0,00237815141","0,002506265664"
532 - Nova Fatima,"0,0005321397555","0,001317000214","0,00100402524","0,0006504504062","0,001417038909","0,002125388677","0,002506265664"
459 - Nova Laranjeiras,"0,0005379678052","0,002265333642","0,005789791844","0,003885170081","0,006047993907","0,003618542013","0,002506265664"
737 - Nova Londrina,"0,001002895259","0,001124999706","0,0006874112991","0,0009993442899","0,001353649144","0,000677751043","0,002506265664"
840 - Nova Olimpia,"0,0003243036367","0,001392272481","0,0005340004204","0,000755644542","0,0006747732853",0,"0,002506265664"
336 - Nova Prata do Iguacu,"0,001074268264","0,003045038564","0,002813620797","0,00273504753","0,001745795137",0,"0,002506265664"
658 - Nova Santa Barbara,"0,0001188317366","0,0005355785069","0,0004106189052","0,0003839585956","0,0004013017366",0,"0,002506265664"
427 - Nova Santa Rosa,"0,001842963539","0,005532947609","0,00150864911","0,003015565226","0,001024792853",0,"0,002506265664"
442 - Nova Tebas,"0,0003596295332","0,001449780118","0,00294222481","0,00342406912","0,002729212035","0,006922377489","0,002506265664"
655 - Novo Itacolomi,"0,0003884293784","0,001643265537","0,0008088343776","0,001220251975","0,0008058054818",0,"0,002506265664"
209 - Ortigueira,"0,001453889643","0,004559472856","0,009004239363","0,008068390214","0,01216728254","0,0003170625511","0,002506265664"
709 - Ourizona,"0,0003865276145","0,001052538818","0,000219344916","0,0009590198712","0,0008776505502",0,"0,002506265664"
447 - Ouro Verde do Oeste,"0,0008089226337","0,003097413832","0,001079098649","0,001567392623","0,001471473055",0,"0,002506265664"
708 - Paicandu,"0,001190987227","0,001035716263","0,0003205308147","0,001453432309","0,0008590889065",0,"0,002506265664"
309 - Palmas,"0,003072603173","0,003357881946","0,002019148289","0,002422971594","0,007829861672","0,0006620128292","0,002506265664"
131 - Palmeira,"0,003155196391","0,006904328088","0,008322050562","0,008275272015","0,007361417817","0,001195653859","0,002506265664"
405 - Palmital,"0,0004692777007","0,002013251323","0,004873896258","0,004309453096","0,004090666075","0,004356190931","0,002506265664"
414 - Palotina,"0,005089280635","0,009697816271","0,002635403053","0,004612762854","0,003264848039","0,0004252113986","0,002506265664"
727 - Paraiso do Norte,"0,0007413619914","0,0007855155804","0,0004393426442","0,0009222019237","0,00102144075","0,001920884688","0,002506265664"
718 - Paranacity,"0,001256771997","0,001088737077","0,0005098463672","0,0010589543","0,001741142219",0,"0,002506265664"
118 - Paranagua,"0,01355402407","0,0002134407965","0,003318244666","0,001988169166","0,004071153835","0,008035423375","0,002506265664"
720 - Paranapoema,"0,0001428882103","0,0004260397424","0,0001899683647","0,00007188265945","0,0008918094321",0,"0,002506265664"
730 - Paranavai,"0,00478755996","0,004836609406","0,002521160909","0,003755430647","0,005989907469","0,0002292640384","0,002506265664"
460 - Pato Bragado,"0,0007063107525","0,002157925386","0,001193993605","0,0009555134","0,0006836288404",0,"0,002506265664"
316 - Pato Branco,"0,00728192731","0,006154319092","0,002793383617","0,004553152844","0,0026907379","0,0003230855231","0,002506265664"
302 - Paula Freitas,"0,0005190602179","0,002414028375","0,001753453703","0,002864786964","0,002129035544","0,0002121847354","0,002506265664"
303 - Paulo Frontin,"0,0005152362443","0,001934209739","0,003094330064","0,003978091568","0,001852862301","0,0001260216102","0,002506265664"
803 - Peabiru,"0,0009179491811","0,002731913172","0,001707104033","0,002207323616","0,002338216763","0,002479336361","0,002506265664"
855 - Perobal,"0,0005717339102","0,001307740647","0,001679685919","0,00161648322","0,002040479993","0,000216394298","0,002506265664"
837 - Perola,"0,001225731608","0,0009241716565","0,00139571259","0,002684203698","0,001174336661","0,003229147716","0,002506265664"
333 - Perola D'oeste,"0,000327320188","0,001563649763","0,002333150981","0,002154726548","0,001020239997",0,"0,002506265664"
122 - Pien,"0,001955541667","0,001857087105","0,004382328634","0,003301342628","0,001282454484",0,"0,002506265664"
137 - Pinhais,"0,01280916714","0,0000193573596",0,"0,0000455841255","0,0003043909444","0,0128009746","0,002506265664"
345 - Pinhal de Sao Bento,"0,00008446533186","0,0007644674121","0,0009524530726","0,0008222674947","0,0004909079466",0,"0,002506265664"
527 - Pinhalao,"0,0002922746082","0,001818651373","0,001495592865","0,001539340854","0,001101891216","0,00004935794406","0,002506265664"
403 - Pinhao,"0,002356789454","0,004792618322","0,009721027213","0,004840683481","0,01002488861","0,0006318156905","0,002506265664"
203 - Pirai do Sul,"0,002720877766","0,007252689473","0,004779891294","0,003758937118","0,006723917914","0,004006511851","0,002506265664"
104 - Piraquara,"0,001701249645","0,0001853348552","0,03098834469","0,001460445252","0,001124555434","0,0815025116","0,002506265664"
404 - Pitanga,"0,002024223868","0,0045075892","0,007865081987","0,01175018497","0,00832697351","0,0001049116622","0,002506265664"
659 - Pitangueiras,"0,000384972832","0,001165805247","0,0005052766814","0,0005136980297","0,0006180376951",0,"0,002506265664"
732 - Planaltina do Parana,"0,0003970835579","0,001058580688","0,0008630177944","0,0007451251284","0,001784469398",0,"0,002506265664"
334 - Planalto,"0,0007842320062","0,002383963831","0,004952233728","0,004719710225","0,001734538076","0,007043649879","0,002506265664"
201 - Ponta Grossa,"0,028543065","0,006552894486","0,004490042655","0,004707437576","0,01021976086","0,002314291403","0,002506265664"
141 - Pontal do Parana,"0,0004098092656","0,00008596154093","0,0001155477682","0,0002770112242","0,001013285634","0,0008117100043","0,002506265664"
616 - Porecatu,"0,0006401000933","0,0009112653885","0,00179327525","0,0001718170884","0,001457614361",0,"0,002506265664"
132 - Porto Amazonas,"0,0002112613626","0,001055653534","0,001022303983","0,0004365556635","0,0009343861404","0,0007340901203","0,002506265664"
474 - Porto Barreiro,"0,0002816885103","0,001143620058","0,001940158007","0,001611223513","0,001832299401",0,"0,002506265664"
743 - Porto Rico,"0,0002063033852","0,0007519762388","0,0005000541834","0,0006259051079","0,001132810612","0,004091467273","0,002506265664"
307 - Porto Vitoria,"0,0002462896835","0,000824201032","0,001165269866","0,00108700607","0,001052860459",0,"0,002506265664"
663 - Prado Ferreira,"0,0004327866686","0,0009401937363","0,0002735283327","0,0002945435802","0,0007649798719",0,"0,002506265664"
337 - Pranchita,"0,0006047671053","0,001762813048","0,001320639182","0,002168752433","0,00112985876",0,"0,002506265664"
711 - Presidente Castelo Branco,"0,0003324923059","0,001105501717","0,0003832007907","0,000547009506","0,0007736353014",0,"0,002506265664"
602 - Primeiro de Maio,"0,001095716348","0,002286062875","0,0004889563752","0,002147713605","0,002054939063",0,"0,002506265664"
214 - Prudentopolis,"0,002016953266","0,005213224549","0,01718789373","0,0196520178","0,01132690537","0,002300763748","0,002506265664"
856 - Quarto Centenario,"0,000913360215","0,002716169181","0,001269067014","0,001192200205","0,001613261999",0,"0,002506265664"
510 - Quatigua,"0,00059702386","0,005525105711","0,0004393426442","0,0007433718928","0,0005643540193","0,002667930865","0,002506265664"
114 - Quatro Barras,"0,002603761121","0,0001305039458","0,001246871397","0,0008976566253","0,0009038669958","0,01880028164","0,002506265664"
461 - Quatro Pontes,"0,0008557837927","0,003039646482","0,0008917415334","0,001427133775","0,0005787630581",0,"0,002506265664"
425 - Quedas do Iguacu,"0,001844291996","0,003084081598","0,006278748219","0,003373225287","0,004117733054",0,"0,002506265664"
741 - Querencia do Norte,"0,0007791179198","0,002078931899","0,00268109991","0,002210830087","0,005041962823","0,008810266574","0,002506265664"
805 - Quinta do Sol,"0,0005941947091","0,001762776282","0,0008336412431","0,0007573977776","0,001630372733","0,0007745314545","0,002506265664"
123 - Quitandinha,"0,0005738133718","0,002624360751","0,007965615073","0,005783924232","0,00223510208","0,0001639924599","0,002506265664"
462 - Ramilandia,"0,0002630869397","0,001149140034","0,001365030415","0,00123427786","0,001201103452","0,002700644644","0,002506265664"
604 - Rancho Alegre,"0,0003516172482","0,0008462203534","0,0003166139412","0,0008012286675","0,0008405772941",0,"0,002506265664"
851 - Rancho Alegre D'oeste,"0,0005869332488","0,001694362961","0,0003551298639","0,0007503848352","0,001200352981",0,"0,002506265664"
332 - Realeza,"0,00115183616","0,003261072329","0,002965073239","0,002906864619","0,001778565694",0,"0,002506265664"
218 - Reboucas,"0,0006811730111","0,002784358198","0,004354910519","0,00574885952","0,002408010545","0,001278013705","0,002506265664"
319 - Renascenca,"0,0008233181171","0,00279075551","0,002171906355","0,002275699804","0,002132537741","0,0008643272561","0,002506265664"
210 - Reserva,"0,001369043187","0,005085485838","0,008464363632","0,006488724942","0,0081791808","0,00002678255742","0,002506265664"
475 - Reserva do Iguacu,"0,000413788241","0,001548868762","0,002220867274","0,001122070782","0,004165963309","0,003510196706","0,002506265664"
502 - Ribeirao Claro,"0,00101958111","0,003240964765","0,002345554414","0,002158233019","0,00316118301","0,001049797715","0,002506265664"
521 - Ribeirao do Pinhal,"0,000356751446","0,001064441155","0,001596778763","0,001434146718","0,001882380817",0,"0,002506265664"
219 - Rio Azul,"0,0008166959333","0,002785666127","0,005928188041","0,007289953609","0,003005785529","0,001601926896","0,002506265664"
638 - Rio Bom,"0,0001805209915","0,0008545514861","0,0008662818556","0,00101512341","0,000888157141",0,"0,002506265664"
463 - Rio Bonito do Iguacu,"0,0008244183213","0,003149286862","0,006749425852","0,003222447026","0,003436205532","0,001174941721","0,002506265664"
227 - Rio Branco do Ivai,"0,0002750520664","0,0007770975185","0,001944727692","0,0008433063218","0,001909547859",0,"0,002506265664"
109 - Rio Branco do Sul,"0,005367816525","0,001276185731","0,00561744941","0,003497705015","0,004103273984","0,0001748623645","0,002506265664"
126 - Rio Negro,"0,00243471173","0,003268713337","0,003632247358","0,004086792175","0,003025497895","0,001517343429","0,002506265664"
627 - Rolandia,"0,006646013453","0,004400307597","0,002032204534","0,002912124325","0,002272275398","0,01629408558","0,002506265664"
809 - Roncador,"0,001322933679","0,003304859613","0,002883471708","0,003548548847","0,003709777143","0,000424524725","0,002506265664"
828 - Rondon,"0,001349828646","0,001845229868","0,00117506205","0,001721677356","0,002759130803",0,"0,002506265664"
221 - Rosario do Ivai,"0,0001879358778","0,0009106449689","0,00187161272","0,002670177813","0,001890385839",0,"0,002506265664"
629 - Sabaudia,"0,001086338976","0,002168993123","0,0006521594376","0,001302654048","0,0009582010795","0,005176011691","0,002506265664"
325 - Salgado Filho,"0,000269991978","0,001983954882","0,001402893525","0,001683106172","0,0009387388709",0,"0,002506265664"
504 - Salto do Itarare,"0,0001179183931","0,001160012369","0,0009498418236","0,001793560015","0,001000227443",0,"0,002506265664"
329 - Salto do Lontra,"0,0008865324553","0,004020279511","0,00408529906","0,003392510879","0,001563180583","0,00006399461728","0,002506265664"
519 - Santa Amelia,"0,0001690890889","0,0003554172383","0,0005986288332","0,000590840396","0,0003920459304","0,0006135209989","0,002506265664"
609 - Santa Cecilia do Pavao,"0,0002986635009","0,000473551278","0,0003845064152","0,001200966383","0,0005314833995",0,"0,002506265664"
740 - Santa Cruz do Monte Castelo,"0,0005009834097","0,001732294918","0,001526927853","0,001414861126","0,002215990091","0,0026343209","0,002506265664"
633 - Santa Fe,"0,0008437011796","0,002000384962","0,0007833746999","0,001220251975","0,001382267096","0,0003509686821","0,002506265664"
426 - Santa Helena,"0,00242227719","0,008754933694","0,00706799823","0,005946975143","0,003795781093","0,001092964448","0,002506265664"
625 - Santa Ines,"0,0001665141966","0,0004932746721","0,0004086604684","0,0003804521244","0,0007025407038",0,"0,002506265664"
739 - Santa Isabel do Ivai,"0,0004110575966","0,001509860562","0,0011084752","0,001961870632","0,001743994007","0,0003028029594","0,002506265664"
330 - Santa Izabel do Oeste,"0,0008529028367","0,002958260027","0,003728210759","0,003050629938","0,001612361434","0,003167578614","0,002506265664"
464 - Santa Lucia,"0,0003208404678","0,001400731818","0,0009067562151","0,001316679933","0,0006444042348","0,001919135078","0,002506265664"
465 - Santa Maria do Oeste,"0,0004307672199","0,001490288206","0,005411160739","0,004337504865","0,00416671378",0,"0,002506265664"
536 - Santa Mariana,"0,0009183856796","0,001989346195","0,002686322408","0,001158888729","0,002129135607","0,000727244878","0,002506265664"
746 - Santa Monica,"0,0002845357099","0,0008489264222","0,001368294476","0,0006241518723","0,001297714056","0,002149158814","0,002506265664"
446 - Santa Tereza do Oeste,"0,001067271048","0,002574745081","0,001499509738","0,00111856431","0,001635876185","0,001298149731","0,002506265664"
436 - Santa Terezinha de Itaipu,"0,001327999908","0,001742144843","0,001308235749","0,001733950005","0,001337739164","0,01530615973","0,002506265664"
505 - Santana do Itarare,"0,0002465892914","0,001442967342","0,001170492364","0,001465704959","0,001258739607",0,"0,002506265664"
513 - Santo Antonio da Platina,"0,002121995287","0,003997442751","0,003762156996","0,003801014773","0,003609664342","0,002981257016","0,002506265664"
724 - Santo Antonio do Caiua,"0,000131638489","0,0005285291374","0,0003942985989","0,000547009506","0,001111747399",0,"0,002506265664"
531 - Santo Antonio do Paraiso,"0,0002163590027","0,0005713648869","0,0003825479784","0,0006872683538","0,0008172126375","0,003514368697","0,002506265664"
327 - Santo Antonio do Sudoeste,"0,001230072998","0,003871404649","0,003382873079","0,003841339191","0,001629722325","0,0003433595537","0,002506265664"
624 - Santo Inacio,"0,001216198195","0,001214438664","0,0006978562951","0,0008608386778","0,001544168657",0,"0,002506265664"
725 - Sao Carlos do Ivai,"0,001259236619","0,0009264794435","0,0004406482687","0,0007924624895","0,001125956312","0,0001293977696","0,002506265664"
610 - Sao Jeronimo da Serra,"0,000490325078","0,001864907307","0,00370536233","0,003536276198","0,004126838766","0,001744440683","0,002506265664"
314 - Sao Joao,"0,00165081196","0,003664915366","0,002522466534","0,003809780951","0,001927659221","0,0003978049341","0,002506265664"
723 - Sao Joao do Caiua,"0,0002206714144","0,0007834464001","0,0005692522819","0,0006223986367","0,001527808394",0,"0,002506265664"
648 - Sao Joao do Ivai,"0,0007328555674","0,001738643105","0,001730605274","0,002701736054","0,001763756404",0,"0,002506265664"
130 - Sao Joao do Triunfo,"0,0008198506492","0,002578647104","0,006303555085","0,006925280605","0,00360125907","0,0000231176645","0,002506265664"
712 - Sao Jorge do Ivai,"0,0009296080708","0,003132332774","0,0004804698159","0,00199868858","0,001579240658",0,"0,002506265664"
324 - Sao Jorge do Oeste,"0,003281483403","0,003107377456","0,002527036219","0,002870046671","0,001894688538","0,00006229070981","0,002506265664"
843 - Sao Jorge do Patrocinio,"0,0003436262534","0,0009287713288","0,001633336249","0,002047779176","0,00204723423","0,02836629311","0,002506265664"
506 - Sao Jose da Boa Vista,"0,0003481291147","0,002667276573","0,001727994025","0,002017974171","0,001995701904","0,0002372532604","0,002506265664"
440 - Sao Jose Das Palmeiras,"0,0002381297676","0,001471192049","0,0009263405826","0,00129388787","0,000914173461",0,"0,002506265664"
105 - Sao Jose Dos Pinhais,"0,0638677067","0,005417595428","0,01783156661","0,009770781978","0,004735520592","0,0316270034","0,002506265664"
852 - Sao Manoel do Parana,"0,0004004956697","0,001945475161","0,0006129907027","0,0006171389299","0,0004722962715","0,004717401701","0,002506265664"
129 - Sao Mateus do Sul,"0,003467702227","0,005575231399","0,0101518833","0,01546879767","0,006714461982","0,0001164842645","0,002506265664"
421 - Sao Miguel do Iguacu,"0,002818060699","0,007728133168","0,006060708928","0,005878598954","0,004265575796","0,00314924781","0,002506265664"
466 - Sao Pedro do Iguacu,"0,0006732390843","0,002308397998","0,001590250641","0,001804079429","0,001546269975","0,0002206372405","0,002506265664"
645 - Sao Pedro do Ivai,"0,001208555796","0,001358374136","0,001385920407","0,001151875787","0,001615513412","0,001227136388","0,002506265664"
742 - Sao Pedro do Parana,"0,0002680429415","0,0007585444432","0,0005614185349","0,0008941501541","0,001275400058","0,006637144336","0,002506265664"
608 - Sao Sebastiao da Amoreira,"0,0005868714432","0,001350085027","0,0006743550541","0,0008660983846","0,001131109545","0,00469187425","0,002506265664"
832 - Sao Tome,"0,0009616370222","0,001454441023","0,0005894894617","0,001344731702","0,001091234531",0,"0,002506265664"
529 - Sapopema,"0,0002393151642","0,0007188424651","0,002078554204","0,001842650612","0,003392478102","0,0002483338363","0,002506265664"
745 - Sarandi,"0,002793219395","0,0007300185113","0,0004576213872","0,0007503848352","0,0005177748001",0,"0,002506265664"
346 - Saudade do Iguacu,"0,004206613848","0,001261743375","0,001648350931","0,001141356373","0,0007474188559","0,00009024877017","0,002506265664"
205 - Senges,"0,001376309097","0,002160462357","0,00215885011","0,002023233878","0,007206920901","0,001479515687","0,002506265664"
476 - Serranopolis do Iguacu,"0,0008463941817","0,003163607913","0,001466216313","0,001884728266","0,002421068736","0,01335987655","0,002506265664"
538 - Sertaneja,"0,001101196848","0,002337087601","0,0004648023219","0,000838046615","0,002247159643",0,"0,002506265664"
603 - Sertanopolis,"0,002152002591","0,003395938403","0,001257969206","0,002170505668","0,002531888254",0,"0,002506265664"
508 - Siqueira Campos,"0,001154288523","0,004048233844","0,003283645617","0,002542191615","0,001394474754","0,003869544766","0,002506265664"
338 - Sulina,"0,0003460556686","0,001913443896","0,001308235749","0,001718170884","0,0008739482277",0,"0,002506265664"
664 - Tamarana,"0,0008543559931","0,002939130229","0,004180609648","0,001476224372","0,002355977905","0,002530940665","0,002506265664"
726 - Tamboara,"0,0004036633571","0,0008846561532","0,0004360785829","0,001362264058","0,0009661560697",0,"0,002506265664"
829 - Tapejara,"0,002018412436","0,001993568885","0,0009348271418","0,001423627304","0,00298882489",0,"0,002506265664"
839 - Tapira,"0,0004657627488","0,001380105124","0,001567402212","0,002629853394","0,002181318341","0,0001867271385","0,002506265664"
216 - Teixeira Soares,"0,001155238049","0,004752829855","0,003581980815","0,003389004408","0,00451143002","0,0005300760712","0,002506265664"
208 - Telemaco Borba,"0,01268823761","0,00252264979","0,0009348271418","0,0003050629938","0,006917289216","0,003897740601","0,002506265664"
835 - Terra Boa,"0,001562908821","0,003266257892","0,001778913381","0,002174012139","0,001622467774",0,"0,002506265664"
734 - Terra Rica,"0,001125762398","0,001802803854","0,001861167724","0,002663164871","0,003494492095","0,00005618745309","0,002506265664"
415 - Terra Roxa,"0,002342814727","0,005232327942","0,002583830885","0,004479516949","0,004006113035","0,00124075796","0,002506265664"
207 - Tibagi,"0,002993254833","0,01036267022","0,00501098683","0,004014909516","0,0148785333","0,002107950618","0,002506265664"
120 - Tijucas do Sul,"0,0004470180354","0,001431580233","0,007998255686","0,004584711084","0,003359407356","0,005379982088","0,002506265664"
418 - Toledo,"0,01680036636","0,02503196802","0,00721618661","0,01085778805","0,00597619887","0,0002866337129","0,002506265664"
509 - Tomazina,"0,0004599195086","0,002522285087","0,003049938831","0,002976994043","0,002978268268","0,0004641191724","0,002506265664"
437 - Tres Barras do Parana,"0,001378844518","0,004443972465","0,00373996138","0,003978091568","0,002550049646","0,002630146274","0,002506265664"
138 - Tunas do Parana,"0,000239524298","0,001017382119","0,002261341634","0,0004067506583","0,003365761342","0,003859818918","0,002506265664"
830 - Tuneiras do Oeste,"0,0007079932256","0,002297413289","0,001776954944","0,002519399552","0,003505999313",0,"0,002506265664"
438 - Tupassi,"0,001446217653","0,003745802538","0,00111696176","0,002941929331","0,001558827853","0,001469549115","0,002506265664"
430 - Turvo,"0,001036090272","0,001777910574","0,005720593746","0,003709846522","0,004648816202","0,006204344936","0,002506265664"
812 - Ubirata,"0,003274909548","0,00617805138","0,002063539522","0,004486529891","0,003268050048","0,0005584960512","0,002506265664"
822 - Umuarama,"0,006319458069","0,004487569634","0,004713957256","0,005838274536","0,006175123655","0,0008953573103","0,002506265664"
301 - Uniao da Vitoria,"0,002771577995","0,001243973309","0,001796539312","0,002849007844","0,003586900062","0,002471012967","0,002506265664"
716 - Uniflor,"0,0001900283472","0,0006902225735","0,0003126970677","0,0004856462602","0,000475098029",0,"0,002506265664"
535 - Urai,"0,0004749037165","0,001137855194","0,001380045096","0,001651547932","0,001188695669","0,0004590680459","0,002506265664"
222 - Ventania,"0,0007814495095","0,001962353284","0,002249591013","0,001199213148","0,004091916859","0,00158443987","0,002506265664"
439 - Vera Cruz do Oeste,"0,0007243910197","0,003195326024","0,001377433847","0,002023233878","0,001655638582","0,0001795657754","0,002506265664"
322 - Vere,"0,001041276361","0,003679361923","0,003000977913","0,003324134691","0,001567433251","0,00007861565965","0,002506265664"
467 - Virmond,"0,0002846349562","0,00101039239","0,001351321357","0,001607717042","0,001217363652",0,"0,002506265664"
318 - Vitorino,"0,0009452935315","0,002565904907","0,001648350931","0,001721677356","0,001536113604","0,0008012503798","0,002506265664"
507 - Wenceslau Braz,"0,0008945813854","0,003314967473","0,002473505615","0,002536931908","0,00196883505","0,0002210904423","0,002506265664"
821 - Xambre,"0,0002566567038","0,0009888881947","0,002625610869","0,002465049248","0,001797327464","0,000353917986","0,002506265664"